Data,Produto,Lote,Quantidade Produzida (kg),Temperatura Média (°C),Pressão Média (atm),Tempo de Reação (horas),Pureza (%),Número de Funcionários,Tempo de Inatividade da Máquina (horas),Custo de Produção (R$)
2024-01-01,Ácido Sulfúrico,6980,6964,75,2.8,3.3,96.0,12,0.1,26662.76
2024-01-01,Soda Cáustica,1605,3643,63,2.4,5.3,95.8,8,0.1,11966.38
2024-01-01,Ácido Nítrico,3447,3887,64,1.7,5.3,96.5,10,0.3,14651.69
2024-01-01,Amoníaco,3179,2347,86,1.8,5.7,97.0,10,0.6,6773.48
2024-01-01,Cloro,8931,6768,51,1.7,5.3,97.2,9,0.1,21873.63
2024-01-01,Etanol,6076,4228,90,2.3,7.0,98.9,11,0.2,15744.11
2024-01-01,Metanol,7266,4213,57,1.6,5.3,98.9,9,1.2,13117.49
2024-01-01,Formaldeído,2012,3736,73,3.2,4.4,97.4,9,0.1,11957.44
2024-01-01,Benzeno,8394,3806,84,3.0,6.5,95.4,11,0.1,7952.83
2024-01-01,Tolueno,5331,2057,82,2.8,6.3,94.6,8,0.2,5603.43
2024-01-02,Ácido Sulfúrico,4447,4509,72,2.8,5.3,97.7,12,0.1,17376.46
2024-01-02,Soda Cáustica,3382,5801,63,1.7,3.3,99.4,9,0.1,12216.98
2024-01-02,Ácido Nítrico,7317,4518,73,2.2,3.7,95.7,11,1.0,19588.28
2024-01-02,Amoníaco,9797,3513,73,2.7,2.9,97.5,10,0.4,13822.35
2024-01-02,Cloro,4228,5168,53,2.0,3.7,96.5,5,0.1,20640.36
2024-01-02,Etanol,3962,5039,75,1.6,5.3,96.8,12,0.9,14502.61
2024-01-02,Metanol,1228,4899,61,2.6,5.3,96.0,11,1.2,18763.49
2024-01-02,Formaldeído,1211,3596,81,1.9,7.0,98.5,10,1.3,12652.37
2024-01-02,Benzeno,9779,3685,62,2.7,4.7,94.7,11,0.1,13492.38
2024-01-02,Tolueno,6224,5071,72,2.8,3.2,99.1,9,0.1,10819.55
2024-01-03,Ácido Sulfúrico,7911,5524,80,1.7,6.0,98.8,9,0.4,20701.8
2024-01-03,Soda Cáustica,7163,3532,77,2.2,6.6,98.6,8,0.4,12740.03
2024-01-03,Ácido Nítrico,8772,6269,58,2.0,4.6,97.0,8,0.0,20070.26
2024-01-03,Amoníaco,3502,1816,56,1.3,3.3,96.6,11,0.8,5840.72
2024-01-03,Cloro,8151,5488,76,2.1,2.2,99.4,7,0.3,13368.61
2024-01-03,Etanol,5720,5644,59,2.1,4.1,99.0,11,0.3,18294.12
2024-01-03,Metanol,4405,4333,88,2.0,3.7,98.8,8,0.2,13172.01
2024-01-03,Formaldeído,6556,5092,64,2.6,5.4,97.4,9,1.1,11829.99
2024-01-03,Benzeno,3572,2913,76,2.9,6.8,97.4,7,0.5,7117.84
2024-01-03,Tolueno,3837,4256,71,2.2,4.8,99.8,12,0.5,13036.17
2024-01-04,Ácido Sulfúrico,5082,6052,84,2.2,3.9,98.5,11,0.2,21835.66
2024-01-04,Soda Cáustica,3849,6079,71,2.3,4.0,98.5,8,1.1,25483.77
2024-01-04,Ácido Nítrico,5084,4934,62,1.8,5.9,99.0,10,0.2,12493.62
2024-01-04,Amoníaco,5719,5999,53,2.7,4.5,97.4,8,2.2,14722.62
2024-01-04,Cloro,9534,4402,60,2.1,6.3,97.9,11,0.1,13790.13
2024-01-04,Etanol,3987,4834,63,2.1,5.8,97.5,9,0.1,15463.59
2024-01-04,Metanol,4781,3753,83,2.3,2.5,96.2,9,1.7,13389.42
2024-01-04,Formaldeído,5288,4510,67,2.4,4.6,95.7,7,0.1,15059.42
2024-01-04,Benzeno,7377,2379,80,2.0,6.6,100.0,10,0.1,5406.55
2024-01-04,Tolueno,9511,4127,84,1.7,5.3,95.8,6,0.2,12713.4
2024-01-05,Ácido Sulfúrico,3889,3811,87,2.2,4.9,98.3,8,0.5,8800.08
2024-01-05,Soda Cáustica,2013,2608,82,1.9,5.0,96.7,10,0.5,6584.17
2024-01-05,Ácido Nítrico,3231,5038,57,1.9,5.6,97.3,10,0.1,12582.9
2024-01-05,Amoníaco,6668,3161,71,2.7,6.1,95.3,7,0.7,10057.73
2024-01-05,Cloro,7799,2956,87,2.6,6.8,97.0,7,1.1,12684.5
2024-01-05,Etanol,6277,3900,59,1.9,2.7,95.3,8,1.3,14454.36
2024-01-05,Metanol,1588,4305,49,1.9,6.5,96.7,11,0.1,16150.72
2024-01-05,Formaldeído,4645,3973,78,2.9,5.7,96.0,8,0.0,10221.31
2024-01-05,Benzeno,7750,4779,90,3.0,6.3,98.5,8,0.0,17522.07
2024-01-05,Tolueno,8742,2550,77,2.9,6.0,95.4,9,0.7,5690.46
2024-01-06,Ácido Sulfúrico,3253,5738,93,1.7,5.4,95.4,10,0.1,12758.38
2024-01-06,Soda Cáustica,8317,4654,52,2.9,2.8,96.5,7,0.3,15845.3
2024-01-06,Ácido Nítrico,9078,3680,58,2.6,4.1,98.6,12,1.5,15903.19
2024-01-06,Amoníaco,6535,4249,79,2.6,4.4,99.8,6,1.4,16504.26
2024-01-06,Cloro,6039,6194,77,3.0,4.6,95.9,6,0.3,19782.39
2024-01-06,Etanol,3678,6595,89,2.8,7.5,95.0,9,0.2,25854.27
2024-01-06,Metanol,6597,5491,67,3.0,2.8,97.7,8,0.4,13359.65
2024-01-06,Formaldeído,2145,5376,81,1.9,4.7,99.7,10,0.6,15686.63
2024-01-06,Benzeno,3467,3509,54,2.6,4.0,97.5,10,0.5,7935.37
2024-01-06,Tolueno,9578,3920,72,1.6,6.4,95.6,5,0.9,11293.66
2024-01-07,Ácido Sulfúrico,4133,5027,73,2.6,4.7,99.4,9,0.0,10638.33
2024-01-07,Soda Cáustica,6755,5708,53,2.5,4.8,97.4,10,0.1,18144.57
2024-01-07,Ácido Nítrico,5758,2403,63,2.4,6.4,95.1,7,0.5,6430.42
2024-01-07,Amoníaco,7450,3707,51,3.0,4.0,98.2,7,0.2,11946.58
2024-01-07,Cloro,5225,4961,90,2.4,6.4,96.7,11,0.2,15456.05
2024-01-07,Etanol,4340,4792,64,2.4,4.8,95.5,6,0.9,19129.56
2024-01-07,Metanol,6164,3932,56,2.1,2.6,98.7,10,0.7,9837.35
2024-01-07,Formaldeído,3842,3495,44,2.5,3.0,98.6,12,0.4,8609.44
2024-01-07,Benzeno,5915,2374,77,2.9,2.9,95.9,11,0.5,6709.56
2024-01-07,Tolueno,6476,4360,42,2.7,5.4,95.8,6,1.0,10528.52
2024-01-08,Ácido Sulfúrico,2815,6337,73,2.1,6.8,98.6,9,1.3,14792.16
2024-01-08,Soda Cáustica,2059,6228,58,2.1,5.6,96.3,10,0.2,13068.0
2024-01-08,Ácido Nítrico,4297,3491,65,2.4,4.2,99.4,9,0.1,11470.78
2024-01-08,Amoníaco,5238,4724,70,2.4,5.1,97.9,10,0.0,14754.19
2024-01-08,Cloro,9453,5665,72,2.1,3.7,99.2,10,0.1,17000.16
2024-01-08,Etanol,9973,2307,81,1.7,3.9,95.4,7,1.1,9171.9
2024-01-08,Metanol,6513,3459,93,1.7,6.6,96.2,9,0.5,10398.53
2024-01-08,Formaldeído,1450,5620,73,2.0,7.0,99.4,8,0.5,13269.59
2024-01-08,Benzeno,7533,4702,80,2.7,5.9,96.4,7,0.4,15465.4
2024-01-08,Tolueno,6969,5114,82,2.2,3.6,95.7,9,0.5,11547.18
2024-01-09,Ácido Sulfúrico,6231,4925,78,2.3,5.4,98.6,10,0.4,15927.52
2024-01-09,Soda Cáustica,8050,3281,83,2.8,6.3,98.5,12,0.0,11335.42
2024-01-09,Ácido Nítrico,8100,4817,99,2.0,5.6,96.9,11,0.0,14849.78
2024-01-09,Amoníaco,3335,2286,84,1.3,3.6,98.7,7,0.2,6040.04
2024-01-09,Cloro,7679,6512,57,1.7,5.5,98.5,9,0.2,17011.03
2024-01-09,Etanol,3895,2206,74,3.0,5.6,94.5,7,0.0,7197.54
2024-01-09,Metanol,5825,2212,76,2.6,4.6,95.5,8,0.9,7650.55
2024-01-09,Formaldeído,6989,2331,79,1.9,3.9,95.8,11,1.0,9787.4
2024-01-09,Benzeno,2664,2971,64,2.5,3.9,96.3,5,0.7,6358.47
2024-01-09,Tolueno,6794,3978,68,2.9,6.0,97.0,9,0.1,8640.75
2024-01-10,Ácido Sulfúrico,7134,4824,91,2.3,6.8,99.8,12,0.2,18462.16
2024-01-10,Soda Cáustica,4432,2476,77,1.7,4.0,98.0,10,0.5,5823.64
2024-01-10,Ácido Nítrico,2810,3015,51,1.4,7.5,98.3,7,0.1,9279.16
2024-01-10,Amoníaco,9249,3985,72,2.8,4.4,96.5,11,0.7,9320.08
2024-01-10,Cloro,6677,2857,97,2.6,6.3,96.5,6,0.0,11280.56
2024-01-10,Etanol,2795,3632,69,2.6,4.2,99.7,9,0.4,11624.42
2024-01-10,Metanol,4043,4562,82,2.9,5.6,99.9,10,1.2,20326.13
2024-01-10,Formaldeído,2510,2231,73,2.2,5.9,97.2,9,0.5,6394.81
2024-01-10,Benzeno,6132,2352,52,1.6,6.2,96.7,9,0.4,6263.53
2024-01-10,Tolueno,9734,3823,50,2.2,4.7,98.8,6,0.0,8367.44
2024-01-11,Ácido Sulfúrico,4372,3508,78,2.2,6.2,97.1,12,0.8,9604.61
2024-01-11,Soda Cáustica,4964,3107,82,2.8,5.3,98.8,10,0.1,7476.24
2024-01-11,Ácido Nítrico,8377,3352,70,2.7,4.4,99.2,11,0.4,10131.58
2024-01-11,Amoníaco,3878,5522,53,2.2,5.8,99.0,12,0.6,19662.89
2024-01-11,Cloro,9019,4496,58,3.2,3.9,98.0,6,0.1,10077.81
2024-01-11,Etanol,4519,5727,56,3.0,5.8,98.0,7,1.4,22703.75
2024-01-11,Metanol,7747,2903,74,2.3,7.3,97.3,6,0.9,10480.91
2024-01-11,Formaldeído,2539,6071,50,2.6,5.7,98.2,10,1.8,19475.3
2024-01-11,Benzeno,3862,1980,65,3.4,5.5,96.8,7,0.3,6420.53
2024-01-11,Tolueno,4921,4798,84,2.1,4.6,95.9,7,0.1,16346.98
2024-01-12,Ácido Sulfúrico,4608,5113,60,2.1,4.0,98.3,7,0.5,11600.6
2024-01-12,Soda Cáustica,3055,2418,75,2.2,5.3,99.3,8,0.1,5380.37
2024-01-12,Ácido Nítrico,3717,3995,46,2.5,7.3,98.7,10,0.2,15660.54
2024-01-12,Amoníaco,6033,2330,80,1.2,5.8,96.1,6,1.6,7625.69
2024-01-12,Cloro,2777,5227,57,1.4,4.9,96.6,6,1.4,12163.76
2024-01-12,Etanol,1202,3996,85,2.5,4.6,97.1,7,1.0,10260.89
2024-01-12,Metanol,9832,2077,52,2.7,5.4,100.6,9,1.1,6033.82
2024-01-12,Formaldeído,4242,5780,68,1.9,4.2,99.6,11,0.6,22990.6
2024-01-12,Benzeno,7005,2085,65,2.4,3.3,95.6,7,0.3,6650.25
2024-01-12,Tolueno,2121,5717,85,2.6,5.8,97.2,9,0.5,14795.85
2024-01-13,Ácido Sulfúrico,1546,4174,57,2.5,3.8,96.8,9,0.4,11853.56
2024-01-13,Soda Cáustica,5778,2191,84,2.6,6.0,99.8,9,0.6,8030.42
2024-01-13,Ácido Nítrico,2079,4886,70,3.2,5.4,96.2,9,0.5,15203.43
2024-01-13,Amoníaco,6804,3808,74,2.9,5.8,99.4,9,0.0,11604.47
2024-01-13,Cloro,4627,3375,70,2.3,5.4,98.4,8,0.1,11360.59
2024-01-13,Etanol,8866,3593,59,2.4,5.6,95.5,6,0.3,13083.7
2024-01-13,Metanol,8240,5821,82,1.9,5.4,96.9,8,0.0,13855.71
2024-01-13,Formaldeído,6417,5140,62,2.7,3.5,96.2,12,1.6,13781.68
2024-01-13,Benzeno,3092,4693,61,1.5,6.2,94.9,10,0.6,11723.68
2024-01-13,Tolueno,4728,2695,82,2.6,5.0,94.5,10,0.1,6642.06
2024-01-14,Ácido Sulfúrico,6342,3134,82,3.0,6.7,96.7,8,0.4,11326.76
2024-01-14,Soda Cáustica,7420,2786,67,2.4,4.5,95.6,6,1.0,9355.26
2024-01-14,Ácido Nítrico,5709,3042,74,2.3,3.9,96.5,6,0.7,12915.33
2024-01-14,Amoníaco,5365,4983,75,3.0,2.7,96.4,8,0.4,17109.94
2024-01-14,Cloro,7038,7259,88,2.3,3.3,97.7,9,0.1,24608.59
2024-01-14,Etanol,5552,2265,85,3.0,3.4,99.2,11,0.6,5585.66
2024-01-14,Metanol,7475,4073,88,1.8,4.7,95.8,10,1.0,11674.81
2024-01-14,Formaldeído,6232,2050,70,2.0,4.4,97.6,9,0.1,5856.33
2024-01-14,Benzeno,9644,1888,75,2.7,4.9,99.9,11,1.2,6371.77
2024-01-14,Tolueno,8273,4455,77,2.2,6.0,97.6,14,0.3,16681.35
2024-01-15,Ácido Sulfúrico,8194,6949,85,1.9,2.6,97.4,11,0.3,23654.49
2024-01-15,Soda Cáustica,5248,2390,80,2.1,7.0,99.5,11,0.3,9442.53
2024-01-15,Ácido Nítrico,5007,4208,72,2.9,4.7,98.8,10,0.2,15785.37
2024-01-15,Amoníaco,5220,3767,95,2.6,5.9,99.0,8,2.4,16178.84
2024-01-15,Cloro,7003,4102,70,2.9,5.2,95.7,8,0.1,12411.4
2024-01-15,Etanol,4289,4455,80,2.6,5.5,96.5,6,0.5,10486.85
2024-01-15,Metanol,1205,4040,91,2.4,5.0,98.3,9,0.5,13831.06
2024-01-15,Formaldeído,4366,5684,54,2.3,7.4,99.0,10,0.4,21305.23
2024-01-15,Benzeno,3126,2134,47,2.9,3.6,97.1,7,1.5,8544.62
2024-01-15,Tolueno,5441,2456,84,2.9,6.6,94.8,9,0.3,6069.4
2024-01-16,Ácido Sulfúrico,9955,4122,76,1.9,5.5,98.3,10,0.1,16249.3
2024-01-16,Soda Cáustica,7245,3369,57,2.7,3.3,96.9,11,0.4,12361.46
2024-01-16,Ácido Nítrico,3362,3681,55,2.3,4.7,95.7,12,0.1,12957.03
2024-01-16,Amoníaco,4095,5295,76,2.6,5.5,96.6,9,0.5,20481.66
2024-01-16,Cloro,3244,4004,78,2.3,4.2,100.1,12,0.1,14393.17
2024-01-16,Etanol,9105,4972,66,2.8,6.1,98.4,9,0.3,10306.34
2024-01-16,Metanol,2827,4979,52,1.5,4.8,96.8,9,0.0,16586.83
2024-01-16,Formaldeído,9658,3261,63,2.7,6.7,99.0,8,0.3,12808.12
2024-01-16,Benzeno,6708,3817,52,1.5,4.6,99.9,12,0.6,14913.76
2024-01-16,Tolueno,4522,3969,84,2.7,6.3,97.1,11,0.1,13856.48
2024-01-17,Ácido Sulfúrico,5065,4539,70,2.5,6.4,98.0,7,0.1,12176.63
2024-01-17,Soda Cáustica,6113,5477,52,2.0,4.8,95.6,10,0.3,19488.74
2024-01-17,Ácido Nítrico,3355,4385,48,2.6,4.6,98.8,7,0.1,15492.03
2024-01-17,Amoníaco,4654,3498,55,1.9,6.1,95.5,11,0.5,13845.69
2024-01-17,Cloro,7972,6732,61,2.4,6.0,97.0,6,0.7,16397.31
2024-01-17,Etanol,3208,5642,48,1.6,5.0,97.5,7,0.4,13531.11
2024-01-17,Metanol,9030,5256,76,1.8,7.0,97.3,9,0.3,21048.05
2024-01-17,Formaldeído,1674,5277,55,2.3,3.3,97.0,10,0.3,19334.25
2024-01-17,Benzeno,1028,5996,54,1.7,6.2,98.2,10,0.5,24484.92
2024-01-17,Tolueno,3609,3741,59,1.0,7.3,98.9,7,0.7,11135.29
2024-01-18,Ácido Sulfúrico,7622,2547,55,2.1,4.9,98.8,11,0.0,6092.85
2024-01-18,Soda Cáustica,7993,4142,53,2.2,4.3,97.7,8,0.4,9140.87
2024-01-18,Ácido Nítrico,2280,2930,82,2.8,3.2,98.2,11,0.2,8975.9
2024-01-18,Amoníaco,8794,5510,46,2.8,2.2,97.9,7,0.6,13490.13
2024-01-18,Cloro,7227,5345,61,2.2,4.6,100.1,10,0.1,20839.28
2024-01-18,Etanol,1940,4613,88,1.9,2.9,100.0,10,0.4,11277.62
2024-01-18,Metanol,8612,4173,61,2.2,5.9,99.4,6,3.9,13373.46
2024-01-18,Formaldeído,6351,5368,59,1.8,5.3,96.4,12,0.4,11210.38
2024-01-18,Benzeno,1643,5971,86,2.6,4.4,97.0,8,1.0,14526.72
2024-01-18,Tolueno,8207,4238,92,2.3,4.3,96.5,8,0.4,10829.99
2024-01-19,Ácido Sulfúrico,5951,5006,85,1.9,3.1,99.1,6,0.4,10517.59
2024-01-19,Soda Cáustica,1140,4042,93,1.5,6.2,97.3,12,0.2,13534.39
2024-01-19,Ácido Nítrico,2045,5398,69,2.9,5.0,95.9,8,1.4,15786.73
2024-01-19,Amoníaco,1697,4652,58,1.9,3.7,97.9,8,0.1,13619.37
2024-01-19,Cloro,3507,5568,71,1.8,4.0,96.7,8,0.2,12684.26
2024-01-19,Etanol,4225,2803,48,2.5,3.9,96.3,9,0.1,10730.92
2024-01-19,Metanol,1792,5864,85,2.2,4.2,98.0,9,0.1,21775.45
2024-01-19,Formaldeído,9676,2982,85,3.0,7.4,98.1,7,0.1,8497.88
2024-01-19,Benzeno,2677,2256,79,2.7,5.6,97.5,8,0.1,6864.07
2024-01-19,Tolueno,6473,5109,62,2.1,4.7,95.9,7,0.9,21084.38
2024-01-20,Ácido Sulfúrico,4244,4194,71,2.1,5.2,96.4,7,0.2,12114.88
2024-01-20,Soda Cáustica,2495,4377,78,2.3,6.4,94.8,8,0.5,10827.15
2024-01-20,Ácido Nítrico,1668,2732,67,3.0,3.8,95.9,10,0.6,9717.48
2024-01-20,Amoníaco,4172,2100,60,2.0,5.7,99.0,8,0.5,6338.17
2024-01-20,Cloro,9452,6818,61,2.5,3.5,96.9,7,0.3,23852.25
2024-01-20,Etanol,4307,6440,87,1.8,4.2,99.4,7,0.1,23173.82
2024-01-20,Metanol,6957,4276,62,2.3,5.8,97.7,8,0.9,17975.11
2024-01-20,Formaldeído,2597,2737,85,2.5,4.5,99.0,10,1.2,10989.14
2024-01-20,Benzeno,8418,1712,82,2.7,2.9,97.6,12,0.3,5247.48
2024-01-20,Tolueno,8976,5017,72,2.5,4.7,97.4,10,0.3,19464.74
2024-01-21,Ácido Sulfúrico,5672,3725,59,2.1,5.8,96.6,11,0.3,8688.07
2024-01-21,Soda Cáustica,1197,4288,85,1.9,5.1,95.7,9,0.4,12825.05
2024-01-21,Ácido Nítrico,2057,2125,80,2.1,3.4,96.7,7,0.6,7239.36
2024-01-21,Amoníaco,9312,2750,90,1.9,7.0,95.2,5,0.2,10841.18
2024-01-21,Cloro,2073,4640,55,3.0,5.3,97.3,5,1.1,12862.55
2024-01-21,Etanol,4314,3074,63,2.9,4.2,97.0,8,0.4,9241.42
2024-01-21,Metanol,1693,3357,71,2.5,5.3,97.1,8,0.1,9797.3
2024-01-21,Formaldeído,7604,4708,73,2.8,5.1,98.7,9,0.4,17411.46
2024-01-21,Benzeno,6432,2531,68,1.9,2.6,98.2,9,1.0,10800.18
2024-01-21,Tolueno,2470,1957,86,3.0,6.1,96.6,10,1.5,7148.44
2024-01-22,Ácido Sulfúrico,3406,4924,80,2.2,5.8,96.6,9,0.7,13084.5
2024-01-22,Soda Cáustica,1878,4439,79,2.7,4.7,97.6,7,0.0,14785.79
2024-01-22,Ácido Nítrico,5630,4243,51,2.9,5.1,96.0,12,0.2,10659.17
2024-01-22,Amoníaco,1233,3432,57,3.0,5.1,96.9,11,0.3,10759.12
2024-01-22,Cloro,1963,3298,82,2.3,5.8,99.6,8,0.9,11501.86
2024-01-22,Etanol,8510,4656,84,2.8,5.7,98.8,12,0.2,16363.7
2024-01-22,Metanol,7755,2833,73,2.6,5.7,96.9,7,0.4,6694.34
2024-01-22,Formaldeído,9334,3154,74,1.8,3.1,96.6,11,1.0,13057.79
2024-01-22,Benzeno,5891,4060,69,2.9,6.5,94.7,7,0.5,16860.12
2024-01-22,Tolueno,8049,4362,62,1.5,3.0,95.1,13,0.1,8871.45
2024-01-23,Ácido Sulfúrico,6180,3912,51,2.0,6.2,95.4,12,0.1,15426.71
2024-01-23,Soda Cáustica,6099,6140,71,2.4,7.2,97.0,8,0.1,19090.91
2024-01-23,Ácido Nítrico,1939,5939,68,1.8,6.3,96.1,11,1.0,20802.7
2024-01-23,Amoníaco,1506,5667,63,2.5,6.7,98.7,8,0.0,19653.04
2024-01-23,Cloro,3920,3508,49,2.2,3.7,99.3,11,0.9,14764.31
2024-01-23,Etanol,4131,3280,73,2.6,3.3,96.3,8,0.4,11199.71
2024-01-23,Metanol,5555,4333,54,1.7,6.7,95.5,10,0.5,17392.78
2024-01-23,Formaldeído,7200,5537,69,2.7,2.3,99.7,6,0.0,11313.1
2024-01-23,Benzeno,7355,2115,59,2.8,6.1,98.0,7,0.4,6315.32
2024-01-23,Tolueno,7697,3588,68,2.5,2.9,98.9,9,0.3,12033.26
2024-01-24,Ácido Sulfúrico,8008,3937,71,2.3,5.9,96.2,9,0.3,14401.93
2024-01-24,Soda Cáustica,9649,2019,70,2.0,5.2,95.3,8,0.3,8168.03
2024-01-24,Ácido Nítrico,1966,4665,63,2.8,6.2,94.9,10,0.7,13539.63
2024-01-24,Amoníaco,6504,5318,87,2.6,3.9,98.0,7,0.3,11537.82
2024-01-24,Cloro,2908,2058,83,2.8,3.1,99.0,11,0.2,7476.03
2024-01-24,Etanol,3342,5926,63,2.0,2.5,98.0,10,0.9,25466.66
2024-01-24,Metanol,9291,2345,93,1.8,5.0,96.1,10,0.0,7740.61
2024-01-24,Formaldeído,6405,1867,59,2.3,6.2,96.5,10,1.0,6072.13
2024-01-24,Benzeno,3605,5595,48,1.4,3.7,100.1,11,0.6,20332.26
2024-01-24,Tolueno,8469,2265,53,2.5,6.3,98.4,11,1.0,8754.76
2024-01-25,Ácido Sulfúrico,7756,6394,74,2.5,3.9,96.0,8,0.4,15830.1
2024-01-25,Soda Cáustica,9205,2088,54,2.8,5.5,97.4,11,0.2,5715.11
2024-01-25,Ácido Nítrico,9192,5209,71,1.8,3.5,98.4,9,0.2,18171.76
2024-01-25,Amoníaco,4852,3679,54,2.3,4.4,96.1,12,0.0,8288.21
2024-01-25,Cloro,7505,5635,67,2.4,5.4,95.2,9,0.3,20216.96
2024-01-25,Etanol,6782,4539,63,2.4,6.0,95.5,11,2.6,15686.11
2024-01-25,Metanol,2982,2433,57,2.2,5.6,95.0,10,0.2,5781.03
2024-01-25,Formaldeído,8137,3265,71,2.8,4.4,97.3,10,0.1,12560.58
2024-01-25,Benzeno,3643,3539,76,1.9,5.1,95.7,9,0.1,12883.33
2024-01-25,Tolueno,2056,5922,41,1.7,4.2,97.3,11,0.2,21182.25
2024-01-26,Ácido Sulfúrico,5099,4670,47,2.4,6.2,97.6,10,0.3,14044.41
2024-01-26,Soda Cáustica,2965,3609,92,1.4,4.4,95.4,10,0.2,10702.44
2024-01-26,Ácido Nítrico,1164,5902,82,2.8,2.8,95.8,9,0.0,12129.34
2024-01-26,Amoníaco,5033,3451,41,3.2,7.3,95.6,7,0.1,8403.46
2024-01-26,Cloro,1509,3625,82,2.7,2.5,99.3,10,0.3,14696.94
2024-01-26,Etanol,3292,5183,58,1.9,5.7,96.8,10,0.1,15379.49
2024-01-26,Metanol,4108,2311,68,1.7,6.4,99.0,10,1.1,6930.19
2024-01-26,Formaldeído,5755,3810,62,2.5,5.9,97.4,10,0.5,13316.22
2024-01-26,Benzeno,2446,3153,74,1.3,3.7,99.8,6,0.1,9078.05
2024-01-26,Tolueno,8892,2280,68,2.1,4.5,97.3,7,0.9,8678.89
2024-01-27,Ácido Sulfúrico,6595,7457,64,2.3,6.5,97.5,11,0.0,26573.67
2024-01-27,Soda Cáustica,1997,4735,77,1.2,5.3,99.1,11,0.6,17835.94
2024-01-27,Ácido Nítrico,9747,3057,81,2.6,5.7,96.8,11,0.6,11400.75
2024-01-27,Amoníaco,7050,4542,88,2.7,7.0,96.6,11,0.2,17803.93
2024-01-27,Cloro,4473,4010,58,2.4,3.8,94.8,7,0.6,13147.58
2024-01-27,Etanol,1260,5809,61,1.6,4.1,99.2,6,0.6,22324.75
2024-01-27,Metanol,2318,4368,81,2.2,6.1,97.1,7,0.2,14369.67
2024-01-27,Formaldeído,6566,4569,60,2.0,5.1,98.8,9,0.0,16408.97
2024-01-27,Benzeno,6708,4679,45,2.3,4.4,99.7,11,0.0,17297.1
2024-01-27,Tolueno,9302,6299,93,1.7,5.4,98.9,11,0.4,23735.94
2024-01-28,Ácido Sulfúrico,9544,3490,88,2.7,6.5,97.8,10,0.6,11725.18
2024-01-28,Soda Cáustica,7535,3008,72,1.8,4.9,99.3,11,0.2,10770.96
2024-01-28,Ácido Nítrico,4020,4627,69,1.8,4.2,98.2,8,0.4,15358.52
2024-01-28,Amoníaco,9476,3663,69,1.7,4.4,98.6,9,1.1,14285.41
2024-01-28,Cloro,3939,4385,53,3.1,6.7,99.1,11,0.8,18088.96
2024-01-28,Etanol,6337,3562,70,2.6,6.8,96.2,9,1.2,9282.11
2024-01-28,Metanol,6404,4071,78,2.1,5.7,99.0,10,1.3,16311.87
2024-01-28,Formaldeído,3294,4095,78,2.0,5.2,96.0,11,0.2,14772.72
2024-01-28,Benzeno,2847,5852,75,1.9,5.7,95.7,6,0.7,20931.96
2024-01-28,Tolueno,1847,5152,88,3.0,4.6,95.5,9,0.4,14709.4
2024-01-29,Ácido Sulfúrico,1479,2851,66,1.5,6.1,99.5,7,0.7,11304.28
2024-01-29,Soda Cáustica,5859,2079,59,2.6,5.3,95.6,12,0.6,6175.66
2024-01-29,Ácido Nítrico,4251,4422,45,1.3,4.5,96.6,8,1.5,12537.41
2024-01-29,Amoníaco,1789,5191,58,1.9,4.3,97.5,6,0.0,20074.33
2024-01-29,Cloro,7271,4572,90,2.1,5.2,98.3,10,0.1,18144.47
2024-01-29,Etanol,8296,4700,87,2.3,5.8,95.5,6,0.2,15096.11
2024-01-29,Metanol,3749,5357,55,1.7,4.0,94.9,11,1.1,15728.86
2024-01-29,Formaldeído,3147,3265,58,2.4,5.3,99.7,9,0.4,13227.06
2024-01-29,Benzeno,1580,3444,83,1.6,3.5,97.4,9,2.1,15438.22
2024-01-29,Tolueno,5097,2183,70,2.8,4.9,97.4,10,1.2,5500.5
2024-01-30,Ácido Sulfúrico,6172,2292,54,2.2,5.6,99.5,7,0.5,7092.08
2024-01-30,Soda Cáustica,7550,4642,68,1.3,2.5,96.1,9,0.4,18959.98
2024-01-30,Ácido Nítrico,1434,4832,82,2.2,3.7,98.1,6,0.4,16654.74
2024-01-30,Amoníaco,2904,4362,60,2.1,5.0,97.7,10,0.6,14524.88
2024-01-30,Cloro,8593,4590,77,1.9,5.9,95.8,11,0.1,16905.55
2024-01-30,Etanol,9168,4667,66,1.8,6.2,96.4,9,0.1,18775.55
2024-01-30,Metanol,7905,2653,55,3.0,4.5,98.9,11,0.7,7893.31
2024-01-30,Formaldeído,9103,5812,57,1.5,3.3,96.7,12,0.5,21437.56
2024-01-30,Benzeno,8775,4378,61,1.5,5.3,95.1,11,0.1,17421.57
2024-01-30,Tolueno,6103,3866,59,1.6,4.1,96.6,6,0.3,8904.18
2024-01-31,Ácido Sulfúrico,5216,4424,82,2.3,3.2,97.8,6,0.6,14429.42
2024-01-31,Soda Cáustica,5334,6282,65,2.7,4.3,95.3,10,0.6,13576.73
2024-01-31,Ácido Nítrico,9626,2237,52,2.0,5.5,98.7,9,0.4,4866.45
2024-01-31,Amoníaco,1550,5393,52,2.7,3.0,98.1,10,0.6,22128.7
2024-01-31,Cloro,9831,5635,61,3.1,4.4,98.1,7,0.0,15112.28
2024-01-31,Etanol,7450,5520,60,2.4,5.0,95.6,9,0.5,20418.14
2024-01-31,Metanol,1290,3330,75,1.6,7.0,95.2,11,0.7,13589.55
2024-01-31,Formaldeído,1238,6331,64,2.3,4.6,95.9,9,0.2,18234.24
2024-01-31,Benzeno,5874,4127,63,2.4,6.5,96.2,8,0.2,15689.36
2024-01-31,Tolueno,4705,2653,78,2.1,3.9,95.3,11,0.8,9247.55
2024-02-01,Ácido Sulfúrico,4498,2797,52,3.0,4.0,96.7,6,0.7,9130.55
2024-02-01,Soda Cáustica,4442,4652,55,3.0,6.2,98.5,8,0.0,16097.84
2024-02-01,Ácido Nítrico,7620,5096,72,1.6,5.5,98.2,9,0.0,10949.4
2024-02-01,Amoníaco,5157,1941,77,2.1,4.5,97.8,8,0.2,4301.32
2024-02-01,Cloro,8859,7451,64,2.7,5.3,99.3,9,1.0,20810.7
2024-02-01,Etanol,9518,6037,59,2.2,3.4,97.7,6,0.3,15326.66
2024-02-01,Metanol,3405,5086,78,1.6,5.0,100.4,8,0.8,13665.31
2024-02-01,Formaldeído,2492,2141,88,2.4,2.2,98.2,10,0.1,8488.5
2024-02-01,Benzeno,7659,2545,72,2.7,5.8,98.6,9,0.7,9195.24
2024-02-01,Tolueno,2298,4938,79,1.9,5.4,95.0,10,0.9,17908.13
2024-02-02,Ácido Sulfúrico,8883,4962,95,2.8,2.6,97.2,13,0.2,18444.39
2024-02-02,Soda Cáustica,4663,2291,75,2.8,5.7,96.9,11,0.0,8414.78
2024-02-02,Ácido Nítrico,6797,3719,81,1.5,4.3,97.8,10,0.7,12027.19
2024-02-02,Amoníaco,7635,2059,52,2.1,3.6,95.0,9,0.0,7524.07
2024-02-02,Cloro,8187,3538,43,1.9,4.6,96.5,10,1.0,11179.44
2024-02-02,Etanol,6743,4106,84,2.9,5.0,96.0,12,0.3,16013.52
2024-02-02,Metanol,3529,2414,62,1.6,7.4,97.2,8,0.7,7619.82
2024-02-02,Formaldeído,7394,5620,59,2.3,5.6,95.4,7,0.0,13731.69
2024-02-02,Benzeno,3963,4431,93,2.4,6.1,98.7,8,0.1,16690.11
2024-02-02,Tolueno,4714,4424,89,2.3,4.0,96.4,9,0.4,9806.6
2024-02-03,Ácido Sulfúrico,8240,4970,63,2.7,5.5,99.4,11,0.6,19551.64
2024-02-03,Soda Cáustica,2036,4422,45,2.6,5.8,97.0,9,0.5,11026.38
2024-02-03,Ácido Nítrico,8357,2920,70,2.7,4.3,98.8,8,1.0,9830.68
2024-02-03,Amoníaco,3553,2634,86,2.1,4.6,99.0,7,0.3,9729.49
2024-02-03,Cloro,1575,2410,60,2.8,4.4,99.1,6,0.4,5219.62
2024-02-03,Etanol,7122,4419,97,2.8,3.2,95.7,14,0.0,14248.92
2024-02-03,Metanol,4079,2469,70,3.0,3.9,97.9,9,0.1,8135.79
2024-02-03,Formaldeído,8714,3126,63,1.9,3.9,97.7,7,0.2,8390.73
2024-02-03,Benzeno,5343,4578,77,2.2,3.6,98.1,10,0.1,10154.81
2024-02-03,Tolueno,7676,4912,79,2.6,3.5,98.3,10,0.1,14787.59
2024-02-04,Ácido Sulfúrico,3760,3939,54,2.7,4.5,99.5,12,0.2,8831.43
2024-02-04,Soda Cáustica,6630,3409,84,2.5,5.4,99.0,6,0.3,7888.12
2024-02-04,Ácido Nítrico,1847,2173,81,2.3,4.0,97.7,6,0.0,5152.16
2024-02-04,Amoníaco,3382,3371,80,1.7,6.3,99.5,7,0.9,14147.68
2024-02-04,Cloro,3343,3909,90,1.4,2.8,97.8,11,0.5,12458.43
2024-02-04,Etanol,5418,4758,71,1.5,7.8,95.1,8,0.7,19983.3
2024-02-04,Metanol,7547,4814,59,1.6,6.2,98.6,8,0.1,18704.57
2024-02-04,Formaldeído,5485,3195,70,1.8,3.6,100.0,9,0.2,11606.35
2024-02-04,Benzeno,2421,3250,71,2.2,7.1,97.0,8,0.0,9604.19
2024-02-04,Tolueno,3398,6266,54,1.9,6.7,98.9,6,0.0,15107.32
2024-02-05,Ácido Sulfúrico,9583,3121,92,1.7,3.9,96.9,7,0.1,6357.65
2024-02-05,Soda Cáustica,4200,3270,80,2.4,3.3,98.1,9,1.0,14185.94
2024-02-05,Ácido Nítrico,3398,2151,64,2.8,6.1,98.9,9,0.2,6576.31
2024-02-05,Amoníaco,8873,4326,49,1.7,4.9,98.3,9,0.1,14089.23
2024-02-05,Cloro,1878,6533,58,2.8,3.2,95.5,9,0.5,27199.33
2024-02-05,Etanol,5558,3853,72,1.9,6.5,96.4,7,0.6,14635.77
2024-02-05,Metanol,1283,4199,87,1.6,4.3,96.5,12,0.7,12989.35
2024-02-05,Formaldeído,8127,2688,66,2.0,6.8,96.6,12,1.5,9027.73
2024-02-05,Benzeno,2251,6070,76,2.3,3.6,98.5,9,0.0,20855.51
2024-02-05,Tolueno,6336,5039,83,2.7,7.1,98.5,10,0.4,11524.15
2024-02-06,Ácido Sulfúrico,3936,5443,43,2.8,2.9,95.8,8,0.4,12277.9
2024-02-06,Soda Cáustica,3802,4684,69,3.0,3.8,98.7,8,0.6,11105.31
2024-02-06,Ácido Nítrico,9221,5127,71,1.9,6.9,96.8,8,0.0,15530.99
2024-02-06,Amoníaco,7119,2971,51,2.5,6.0,95.1,9,0.5,7664.91
2024-02-06,Cloro,1579,2452,58,2.7,5.0,97.1,12,0.1,5504.59
2024-02-06,Etanol,8709,2802,91,2.2,6.5,98.7,6,1.1,12170.18
2024-02-06,Metanol,6979,4538,54,1.8,4.1,100.0,9,0.4,18795.11
2024-02-06,Formaldeído,5169,5294,58,1.4,4.8,98.9,7,0.0,15266.82
2024-02-06,Benzeno,5676,3442,46,2.3,3.3,98.1,10,0.6,12389.38
2024-02-06,Tolueno,3760,4547,77,1.9,5.3,97.2,6,0.5,14672.35
2024-02-07,Ácido Sulfúrico,6477,7163,93,1.9,3.4,98.0,9,0.2,27929.3
2024-02-07,Soda Cáustica,5270,2593,53,2.1,5.8,97.5,8,0.1,6024.64
2024-02-07,Ácido Nítrico,5127,5430,81,2.1,6.9,99.3,10,0.1,16968.87
2024-02-07,Amoníaco,3710,2282,83,2.8,5.7,98.3,8,0.8,4971.32
2024-02-07,Cloro,1525,4708,63,2.4,7.1,98.7,9,0.2,17255.51
2024-02-07,Etanol,6974,3563,79,2.5,6.0,96.9,11,1.9,12997.21
2024-02-07,Metanol,6043,4982,45,1.7,3.0,98.4,8,0.8,12955.82
2024-02-07,Formaldeído,2534,2251,60,3.0,3.4,98.0,5,0.8,5234.01
2024-02-07,Benzeno,8935,2870,58,2.4,5.6,95.4,11,0.8,9660.15
2024-02-07,Tolueno,9550,6438,55,2.0,6.6,98.5,9,0.0,21890.93
2024-02-08,Ácido Sulfúrico,8438,7410,54,1.7,5.1,95.3,7,0.5,18143.67
2024-02-08,Soda Cáustica,1095,2098,79,1.6,7.5,95.6,7,0.4,8205.25
2024-02-08,Ácido Nítrico,3556,4619,46,1.6,3.8,100.1,9,0.6,14070.74
2024-02-08,Amoníaco,3436,3983,71,2.1,2.9,95.3,7,0.4,11981.35
2024-02-08,Cloro,3951,2879,51,1.6,7.4,98.5,9,0.0,9046.13
2024-02-08,Etanol,3150,4235,59,2.3,4.1,95.9,8,0.7,14417.56
2024-02-08,Metanol,2354,3432,65,2.2,3.7,95.5,8,0.0,9995.6
2024-02-08,Formaldeído,8445,4139,70,1.6,7.0,95.4,4,0.4,15385.78
2024-02-08,Benzeno,7292,3168,62,2.2,4.1,97.4,6,0.4,11424.58
2024-02-08,Tolueno,3559,5115,63,1.8,3.2,97.4,8,1.5,14032.87
2024-02-09,Ácido Sulfúrico,2928,5593,59,1.3,6.9,98.0,7,0.0,12334.33
2024-02-09,Soda Cáustica,2748,4741,76,2.3,3.1,96.5,5,0.7,16089.46
2024-02-09,Ácido Nítrico,9947,3474,74,2.6,3.3,95.6,8,0.1,8381.6
2024-02-09,Amoníaco,9415,3808,62,1.9,4.0,97.3,5,0.1,15343.88
2024-02-09,Cloro,4349,2582,58,1.7,5.8,98.9,7,0.6,8277.6
2024-02-09,Etanol,7052,3949,76,2.2,6.3,99.5,7,0.3,12042.71
2024-02-09,Metanol,5893,5159,96,2.4,5.6,95.6,11,0.3,14242.86
2024-02-09,Formaldeído,3261,2934,74,1.9,4.4,95.3,9,0.5,6477.57
2024-02-09,Benzeno,8417,2173,80,1.7,3.9,100.3,12,0.0,5991.97
2024-02-09,Tolueno,5464,3324,60,2.8,6.2,98.7,11,0.8,12005.55
2024-02-10,Ácido Sulfúrico,7644,5002,74,2.9,6.2,97.0,9,0.1,19931.06
2024-02-10,Soda Cáustica,5978,4411,72,1.7,7.5,97.1,8,0.4,11962.56
2024-02-10,Ácido Nítrico,4420,4074,86,2.6,5.5,97.4,8,1.3,9557.58
2024-02-10,Amoníaco,7284,5370,65,3.2,4.9,99.6,8,0.2,11733.53
2024-02-10,Cloro,4209,4990,69,3.3,5.5,99.2,6,0.9,16810.48
2024-02-10,Etanol,8003,2300,90,2.3,3.8,98.9,11,0.5,8778.29
2024-02-10,Metanol,5480,4198,65,2.0,4.1,96.0,5,0.5,16817.66
2024-02-10,Formaldeído,3395,5528,54,1.7,6.0,98.3,11,0.5,22982.77
2024-02-10,Benzeno,7122,4701,92,2.3,5.8,95.6,7,0.7,17028.22
2024-02-10,Tolueno,3684,2204,56,2.6,3.2,96.0,12,0.9,8009.32
2024-02-11,Ácido Sulfúrico,9228,4724,54,2.7,4.3,100.3,9,1.0,15879.76
2024-02-11,Soda Cáustica,2855,4698,63,2.0,3.9,99.4,7,0.3,17344.25
2024-02-11,Ácido Nítrico,4535,2568,66,2.7,5.8,97.0,12,0.5,7409.16
2024-02-11,Amoníaco,3452,2412,89,2.7,6.1,99.1,11,0.1,7454.87
2024-02-11,Cloro,2120,3175,57,2.9,3.0,98.7,11,0.3,11888.31
2024-02-11,Etanol,7013,4561,59,1.3,2.7,98.8,7,0.4,18546.26
2024-02-11,Metanol,3426,3582,64,1.9,4.0,99.6,10,0.0,8963.92
2024-02-11,Formaldeído,7027,5345,62,3.0,3.5,96.5,7,0.5,15270.72
2024-02-11,Benzeno,1421,2352,84,1.6,4.8,95.3,7,1.0,8368.85
2024-02-11,Tolueno,8826,3262,75,3.1,6.4,95.9,9,1.2,14163.3
2024-02-12,Ácido Sulfúrico,9550,3506,78,1.7,4.2,95.9,9,0.0,8595.63
2024-02-12,Soda Cáustica,3481,5830,78,2.8,5.2,96.0,7,0.8,13466.08
2024-02-12,Ácido Nítrico,4776,4962,91,1.5,4.6,99.5,9,0.8,17008.06
2024-02-12,Amoníaco,7371,5699,86,2.8,3.9,98.8,9,0.1,16278.8
2024-02-12,Cloro,7174,4466,88,2.2,5.8,99.2,8,1.7,14350.07
2024-02-12,Etanol,7552,3933,65,1.9,5.4,99.4,11,0.3,12146.71
2024-02-12,Metanol,9514,3863,64,2.2,7.4,99.1,9,0.4,13128.65
2024-02-12,Formaldeído,2239,3677,81,2.5,6.5,96.8,11,0.2,8691.56
2024-02-12,Benzeno,1212,2044,69,2.8,6.2,99.1,11,0.7,6411.11
2024-02-12,Tolueno,6329,3269,92,1.8,5.8,98.8,10,0.5,7329.2
2024-02-13,Ácido Sulfúrico,9109,3484,51,2.5,3.3,94.8,10,0.3,9519.08
2024-02-13,Soda Cáustica,8148,2340,85,2.3,7.2,97.0,6,0.4,8234.06
2024-02-13,Ácido Nítrico,9933,4230,73,2.9,4.3,99.0,11,1.5,14822.24
2024-02-13,Amoníaco,7437,3556,82,2.1,5.3,97.0,12,0.1,13433.52
2024-02-13,Cloro,6813,5904,78,2.4,5.9,97.9,4,0.2,15839.04
2024-02-13,Etanol,8452,3822,69,2.9,3.9,96.9,11,0.2,8200.83
2024-02-13,Metanol,3860,5551,70,2.8,7.0,96.6,10,0.1,17559.24
2024-02-13,Formaldeído,7375,6088,64,2.1,5.8,97.9,6,0.9,25525.87
2024-02-13,Benzeno,2736,2771,49,2.5,6.1,97.9,9,0.0,8704.66
2024-02-13,Tolueno,2574,4717,54,2.4,3.6,94.8,8,0.4,19514.08
2024-02-14,Ácido Sulfúrico,4325,6343,82,1.8,3.9,97.8,10,0.7,14886.62
2024-02-14,Soda Cáustica,8713,4390,78,1.7,4.9,99.4,10,0.2,16312.71
2024-02-14,Ácido Nítrico,4891,4840,52,2.1,6.7,96.1,11,0.2,17498.97
2024-02-14,Amoníaco,7529,4643,80,1.8,3.7,99.4,8,0.1,14565.54
2024-02-14,Cloro,2227,8139,55,3.2,5.2,99.6,10,0.4,25786.86
2024-02-14,Etanol,5260,4169,61,2.0,4.2,98.0,4,0.5,16525.66
2024-02-14,Metanol,2446,3402,80,1.6,5.1,98.6,8,0.7,9266.94
2024-02-14,Formaldeído,2432,6555,70,1.7,5.2,95.2,11,0.7,16313.14
2024-02-14,Benzeno,3890,4708,57,2.5,2.6,95.6,9,0.7,14851.19
2024-02-14,Tolueno,8471,3592,77,2.3,4.2,96.0,5,0.2,7342.95
2024-02-15,Ácido Sulfúrico,3198,7636,50,2.5,6.7,95.5,10,0.8,29250.16
2024-02-15,Soda Cáustica,1871,1935,75,2.8,5.1,96.1,9,1.6,8003.59
2024-02-15,Ácido Nítrico,2364,2629,83,2.8,6.0,98.2,6,1.3,6269.0
2024-02-15,Amoníaco,4998,2165,54,1.5,4.1,100.3,9,0.1,7928.89
2024-02-15,Cloro,5114,6895,50,2.5,4.5,96.2,13,0.2,15917.9
2024-02-15,Etanol,8481,3525,70,2.5,4.9,99.1,12,0.9,11377.19
2024-02-15,Metanol,3302,5058,68,2.2,6.3,99.6,10,0.4,15613.28
2024-02-15,Formaldeído,7869,3335,73,1.1,6.5,97.2,7,0.2,12401.15
2024-02-15,Benzeno,8151,5414,78,1.5,4.4,95.3,9,0.6,21659.8
2024-02-15,Tolueno,7197,3163,55,2.1,5.3,95.2,7,0.4,12363.06
2024-02-16,Ácido Sulfúrico,3637,3131,77,2.6,6.2,99.3,12,0.1,8100.8
2024-02-16,Soda Cáustica,8059,2899,68,2.3,3.3,96.4,8,0.7,9183.07
2024-02-16,Ácido Nítrico,4258,5384,83,1.5,6.0,97.2,12,0.4,11817.39
2024-02-16,Amoníaco,9915,5236,72,2.3,6.6,95.7,11,1.3,14631.57
2024-02-16,Cloro,1978,5233,48,3.1,6.2,99.3,11,0.1,20541.1
2024-02-16,Etanol,4040,2068,56,2.0,5.7,97.2,9,0.6,8374.77
2024-02-16,Metanol,9968,2761,77,2.3,3.1,97.0,7,2.4,9944.59
2024-02-16,Formaldeído,5933,2696,76,2.4,5.6,97.7,10,0.5,8661.81
2024-02-16,Benzeno,4558,2663,68,2.5,6.6,95.9,11,0.4,7676.84
2024-02-16,Tolueno,4136,4713,83,2.5,4.0,96.9,8,0.3,11052.36
2024-02-17,Ácido Sulfúrico,5345,6676,98,1.6,4.0,98.4,6,0.7,27703.74
2024-02-17,Soda Cáustica,6290,4100,75,2.4,6.2,99.0,10,0.8,14022.04
2024-02-17,Ácido Nítrico,9638,5811,87,1.8,6.6,98.3,9,0.5,23593.44
2024-02-17,Amoníaco,2311,2755,90,3.0,3.9,99.8,6,0.1,5768.95
2024-02-17,Cloro,1707,3733,71,2.1,3.4,96.9,9,0.1,11212.66
2024-02-17,Etanol,6785,3313,62,2.7,5.6,97.1,7,0.1,13171.26
2024-02-17,Metanol,6477,2180,71,2.3,4.0,98.5,9,0.2,6965.48
2024-02-17,Formaldeído,8688,3843,88,2.5,4.2,97.9,9,0.6,10316.95
2024-02-17,Benzeno,5834,4302,56,2.2,7.0,96.5,11,0.9,17964.43
2024-02-17,Tolueno,7748,4159,71,1.9,5.8,97.2,9,0.2,15397.94
2024-02-18,Ácido Sulfúrico,3737,5568,78,3.1,4.1,95.4,8,0.1,19289.63
2024-02-18,Soda Cáustica,2221,2418,49,2.0,6.6,97.1,11,1.0,8498.4
2024-02-18,Ácido Nítrico,5036,4434,89,2.5,6.0,95.7,8,0.1,10278.45
2024-02-18,Amoníaco,8153,3640,57,2.3,7.1,95.4,9,0.3,8404.54
2024-02-18,Cloro,1167,3473,58,2.4,5.5,96.6,9,0.2,10090.74
2024-02-18,Etanol,7403,5292,55,2.2,6.5,95.5,10,0.8,14070.69
2024-02-18,Metanol,3644,4222,89,3.0,7.2,95.2,9,0.5,12517.42
2024-02-18,Formaldeído,7049,5583,70,2.7,2.9,98.5,9,0.0,16146.28
2024-02-18,Benzeno,7676,2629,82,2.7,4.9,97.9,12,0.0,8730.38
2024-02-18,Tolueno,5395,5471,79,2.8,7.0,97.5,10,1.0,15355.28
2024-02-19,Ácido Sulfúrico,5840,2971,87,2.5,2.8,95.8,7,0.4,6397.71
2024-02-19,Soda Cáustica,7720,4355,70,2.0,6.3,99.0,9,1.1,11151.48
2024-02-19,Ácido Nítrico,3844,3781,78,2.6,3.0,95.4,10,0.4,8826.81
2024-02-19,Amoníaco,2894,4642,84,1.8,4.7,95.9,6,0.3,19004.77
2024-02-19,Cloro,8534,4193,63,2.1,6.8,98.1,8,0.1,11484.49
2024-02-19,Etanol,1205,4099,68,1.8,4.5,99.6,5,0.3,14236.62
2024-02-19,Metanol,3367,3512,95,2.3,2.6,95.6,11,0.1,10496.31
2024-02-19,Formaldeído,9994,4476,77,1.4,5.7,99.7,11,0.0,9182.0
2024-02-19,Benzeno,1392,4004,69,1.9,4.0,96.6,9,0.2,12518.81
2024-02-19,Tolueno,7481,5452,55,2.6,3.8,95.3,8,0.0,20235.83
2024-02-20,Ácido Sulfúrico,6981,4664,46,2.5,4.1,97.9,10,0.8,16309.53
2024-02-20,Soda Cáustica,1839,5572,68,1.5,7.7,96.0,11,2.0,19975.53
2024-02-20,Ácido Nítrico,5618,3544,54,1.9,2.6,100.0,8,0.5,7695.68
2024-02-20,Amoníaco,3234,5477,86,1.7,3.2,99.0,6,0.0,14096.58
2024-02-20,Cloro,7860,3333,63,2.3,7.2,95.5,11,0.4,13555.7
2024-02-20,Etanol,1616,3193,71,2.4,4.5,98.9,12,0.2,7730.37
2024-02-20,Metanol,7618,3877,79,1.8,5.2,95.6,7,1.3,14141.77
2024-02-20,Formaldeído,9166,1993,56,2.6,5.0,98.4,7,0.2,5435.44
2024-02-20,Benzeno,8057,2551,79,2.8,5.0,98.0,12,1.4,8513.75
2024-02-20,Tolueno,5844,3267,55,2.9,7.7,98.6,6,0.3,9800.92
2024-02-21,Ácido Sulfúrico,5233,2286,53,2.9,5.1,95.7,11,1.0,7538.47
2024-02-21,Soda Cáustica,8846,4345,80,2.8,4.8,99.0,7,0.7,9465.82
2024-02-21,Ácido Nítrico,5698,4495,62,2.4,6.2,99.1,7,0.2,15969.69
2024-02-21,Amoníaco,9773,6069,43,3.0,6.0,98.0,7,1.1,13801.72
2024-02-21,Cloro,1715,4555,72,1.6,3.4,97.8,7,0.0,10897.12
2024-02-21,Etanol,7747,3859,87,1.7,5.0,96.8,10,0.6,10325.55
2024-02-21,Metanol,4201,3745,94,2.5,5.9,96.0,8,0.6,15723.66
2024-02-21,Formaldeído,5566,3336,79,2.5,4.9,95.9,8,0.3,7162.68
2024-02-21,Benzeno,8101,3877,53,2.0,5.8,97.2,8,0.0,8464.93
2024-02-21,Tolueno,2892,4198,57,1.3,7.0,99.0,7,0.7,13810.07
2024-02-22,Ácido Sulfúrico,4449,6716,55,3.2,6.0,98.7,7,0.7,17610.23
2024-02-22,Soda Cáustica,9278,5592,66,2.8,6.9,97.6,10,0.7,21274.71
2024-02-22,Ácido Nítrico,3866,3212,75,2.5,6.2,98.9,9,0.2,11637.5
2024-02-22,Amoníaco,7086,5652,68,2.0,7.5,96.5,10,0.0,22012.13
2024-02-22,Cloro,2442,4091,86,2.2,6.7,96.1,5,0.7,16507.34
2024-02-22,Etanol,6998,2335,83,2.2,4.3,99.4,8,0.3,8334.6
2024-02-22,Metanol,1406,2283,56,1.9,6.7,99.2,8,0.3,5094.27
2024-02-22,Formaldeído,7517,2890,59,2.3,7.1,96.5,13,0.4,7256.8
2024-02-22,Benzeno,2629,3821,70,2.0,4.4,96.6,10,0.2,11812.65
2024-02-22,Tolueno,4524,2224,84,3.0,3.7,98.3,10,1.2,5894.35
2024-02-23,Ácido Sulfúrico,5793,5253,77,2.7,6.2,98.9,9,0.5,17688.6
2024-02-23,Soda Cáustica,4602,3022,87,1.9,6.0,97.6,11,1.5,13175.68
2024-02-23,Ácido Nítrico,6677,4515,46,2.5,4.1,97.7,10,1.3,19299.88
2024-02-23,Amoníaco,7142,3234,92,2.3,5.8,95.3,6,0.8,10062.35
2024-02-23,Cloro,7014,3089,66,2.9,2.5,95.5,11,1.5,9863.07
2024-02-23,Etanol,3569,3957,72,2.7,6.1,95.3,8,0.1,11925.04
2024-02-23,Metanol,5482,5201,84,2.2,3.5,99.2,10,0.0,13953.01
2024-02-23,Formaldeído,2335,3226,91,1.7,4.7,98.7,7,0.0,12361.43
2024-02-23,Benzeno,8677,3067,65,2.8,6.4,95.0,9,0.1,7199.86
2024-02-23,Tolueno,4128,2169,54,2.1,6.1,95.9,11,0.1,4800.67
2024-02-24,Ácido Sulfúrico,1081,5761,67,1.4,5.8,97.2,8,0.0,19445.38
2024-02-24,Soda Cáustica,4642,2240,79,2.6,4.3,98.1,8,0.1,7369.28
2024-02-24,Ácido Nítrico,8756,4803,71,2.6,4.4,97.1,9,1.4,17823.42
2024-02-24,Amoníaco,8478,2239,72,2.1,4.5,97.3,10,0.2,7528.71
2024-02-24,Cloro,2876,5451,79,2.3,5.2,97.5,12,0.0,17177.19
2024-02-24,Etanol,6324,6317,75,2.1,3.2,96.9,9,0.2,21102.08
2024-02-24,Metanol,4262,4353,84,3.0,3.7,97.9,7,1.6,19743.41
2024-02-24,Formaldeído,5344,3020,49,2.8,3.9,97.9,7,0.0,8401.44
2024-02-24,Benzeno,7885,3903,61,2.0,6.2,97.2,7,0.5,14673.94
2024-02-24,Tolueno,6328,4603,87,2.0,6.4,98.0,7,1.9,15229.99
2024-02-25,Ácido Sulfúrico,4781,5418,69,2.7,4.1,97.2,11,0.3,17852.48
2024-02-25,Soda Cáustica,4405,5099,60,2.1,3.5,97.5,10,0.2,18548.93
2024-02-25,Ácido Nítrico,8589,2398,63,2.4,6.2,96.2,12,0.4,9240.79
2024-02-25,Amoníaco,1267,4194,62,2.5,3.6,99.1,8,0.0,15457.27
2024-02-25,Cloro,3978,6236,76,3.1,4.0,98.1,12,0.6,25477.83
2024-02-25,Etanol,6618,5448,63,2.7,3.2,99.2,6,0.8,12521.14
2024-02-25,Metanol,6792,3872,49,2.1,5.9,100.2,13,0.3,13706.39
2024-02-25,Formaldeído,6038,5197,65,2.8,6.5,94.9,7,0.8,16900.58
2024-02-25,Benzeno,4662,2800,85,1.3,6.0,95.0,11,0.6,11633.99
2024-02-25,Tolueno,9522,3682,89,2.2,6.0,97.2,6,0.7,9070.75
2024-02-26,Ácido Sulfúrico,9053,4765,73,1.9,4.9,96.0,13,0.6,16475.65
2024-02-26,Soda Cáustica,2771,4856,76,2.3,4.6,98.7,8,0.1,12915.8
2024-02-26,Ácido Nítrico,2370,5908,66,1.7,5.5,97.7,8,0.0,15063.75
2024-02-26,Amoníaco,3524,7100,72,2.2,5.7,99.7,9,1.4,19618.23
2024-02-26,Cloro,1896,4907,68,1.8,5.5,97.7,9,1.1,10942.61
2024-02-26,Etanol,5335,5372,59,1.8,4.4,97.3,14,0.7,21878.17
2024-02-26,Metanol,5302,5115,68,2.2,5.0,98.2,10,0.4,13529.7
2024-02-26,Formaldeído,9080,3871,74,1.9,3.1,98.1,10,0.1,9663.1
2024-02-26,Benzeno,1785,4910,54,2.2,3.2,97.3,9,0.0,11289.42
2024-02-26,Tolueno,5762,2983,63,2.6,3.9,96.9,10,0.3,9939.14
2024-02-27,Ácido Sulfúrico,3809,2704,67,2.5,5.4,98.3,13,0.2,10174.6
2024-02-27,Soda Cáustica,2495,5625,80,1.8,6.5,98.4,11,0.5,14856.16
2024-02-27,Ácido Nítrico,1230,2205,70,3.3,3.6,99.5,6,0.5,6855.48
2024-02-27,Amoníaco,6359,2574,75,2.5,4.9,96.1,6,0.2,5320.71
2024-02-27,Cloro,2376,4005,63,1.6,6.6,97.3,8,0.0,15246.04
2024-02-27,Etanol,4572,3135,72,3.0,7.6,97.4,9,0.7,10171.04
2024-02-27,Metanol,3685,3162,88,2.3,2.8,95.2,13,0.1,11625.82
2024-02-27,Formaldeído,7090,4297,67,2.6,3.3,96.2,10,1.3,12010.4
2024-02-27,Benzeno,6557,5929,56,1.4,6.4,97.5,11,0.3,20015.66
2024-02-27,Tolueno,4784,2911,88,2.5,3.8,96.9,11,0.0,9113.28
2024-02-28,Ácido Sulfúrico,6542,4641,74,2.6,4.7,96.9,10,0.3,11411.67
2024-02-28,Soda Cáustica,4882,3365,53,2.1,7.4,98.6,8,0.7,11978.46
2024-02-28,Ácido Nítrico,3077,4464,59,2.2,3.3,94.9,8,0.6,18560.0
2024-02-28,Amoníaco,3520,2118,91,2.8,5.6,95.1,7,0.2,7676.44
2024-02-28,Cloro,4154,3802,57,2.7,4.2,95.3,7,0.0,10412.24
2024-02-28,Etanol,9624,3438,89,2.6,3.5,98.6,9,0.4,8583.28
2024-02-28,Metanol,7658,2942,80,2.9,6.8,96.5,4,0.3,6575.31
2024-02-28,Formaldeído,2706,2647,66,1.5,5.9,97.6,13,2.1,10114.72
2024-02-28,Benzeno,5581,2329,82,2.9,4.9,96.3,9,0.2,9491.96
2024-02-28,Tolueno,2410,3897,53,1.5,5.9,98.1,7,0.4,11159.52
2024-02-29,Ácido Sulfúrico,2003,6703,53,2.8,5.3,99.9,10,0.2,18018.63
2024-02-29,Soda Cáustica,1690,4209,83,2.6,4.8,97.4,8,0.4,15035.43
2024-02-29,Ácido Nítrico,3281,3625,60,2.8,7.3,96.0,8,1.0,11411.35
2024-02-29,Amoníaco,9614,5606,67,2.8,6.8,95.8,12,0.0,15381.38
2024-02-29,Cloro,2222,2640,76,2.0,4.7,96.5,7,0.1,10222.84
2024-02-29,Etanol,5463,2620,76,1.7,3.5,98.5,8,0.0,7328.75
2024-02-29,Metanol,2601,2268,52,2.4,5.2,94.7,11,0.1,5890.9
2024-02-29,Formaldeído,1214,3446,81,1.7,4.7,97.6,6,0.5,9398.67
2024-02-29,Benzeno,3465,4006,75,2.4,6.4,98.9,9,0.2,12914.44
2024-02-29,Tolueno,4113,2183,88,1.8,6.2,99.5,8,0.1,7220.46
2024-03-01,Ácido Sulfúrico,8665,3705,82,2.5,6.2,99.0,7,0.5,8979.06
2024-03-01,Soda Cáustica,8048,4120,70,2.2,6.6,96.4,10,0.8,17733.28
2024-03-01,Ácido Nítrico,4894,4259,62,1.9,5.1,97.9,11,0.3,17374.56
2024-03-01,Amoníaco,8742,2928,66,2.1,7.4,96.2,6,2.9,10133.94
2024-03-01,Cloro,6642,5348,76,1.7,3.9,99.7,6,0.1,13205.94
2024-03-01,Etanol,6336,2666,73,1.8,4.5,97.9,8,0.4,6468.74
2024-03-01,Metanol,6377,4620,91,1.5,4.4,96.7,6,0.1,14047.42
2024-03-01,Formaldeído,3586,2872,48,1.6,4.6,96.6,12,0.0,6879.43
2024-03-01,Benzeno,7306,3050,70,1.7,4.2,96.2,11,0.3,7736.88
2024-03-01,Tolueno,7357,3586,62,1.6,3.1,95.8,7,1.7,12419.67
2024-03-02,Ácido Sulfúrico,4945,4373,77,1.9,3.9,99.4,10,1.6,16649.27
2024-03-02,Soda Cáustica,5653,2535,61,1.8,3.4,98.4,10,0.1,7448.53
2024-03-02,Ácido Nítrico,9904,4816,66,2.0,6.6,98.1,11,0.1,12064.23
2024-03-02,Amoníaco,8912,4998,80,2.4,3.7,98.1,7,0.1,15382.55
2024-03-02,Cloro,1940,4587,81,2.7,5.9,99.4,7,1.6,14097.08
2024-03-02,Etanol,6289,3935,88,2.0,6.5,95.1,6,0.4,11206.46
2024-03-02,Metanol,8493,4019,63,1.9,6.2,98.7,7,0.2,15895.28
2024-03-02,Formaldeído,3390,4724,96,2.6,5.0,98.5,10,0.5,14755.06
2024-03-02,Benzeno,2053,4636,75,2.4,3.5,100.1,6,1.1,15130.13
2024-03-02,Tolueno,6563,4400,68,3.1,4.1,99.0,7,0.1,15633.56
2024-03-03,Ácido Sulfúrico,3378,3190,92,3.2,5.4,96.5,9,0.4,10353.92
2024-03-03,Soda Cáustica,2052,5722,48,2.8,3.2,97.9,11,2.5,26059.64
2024-03-03,Ácido Nítrico,7410,5737,68,1.6,6.5,99.4,7,1.0,16371.79
2024-03-03,Amoníaco,1344,3319,79,2.4,5.6,97.6,11,0.3,8935.76
2024-03-03,Cloro,4220,2458,47,2.2,5.2,96.8,12,0.5,5793.81
2024-03-03,Etanol,4643,4434,44,2.4,4.4,97.0,7,0.2,17250.54
2024-03-03,Metanol,7375,2694,88,2.1,5.6,100.0,9,0.1,7739.52
2024-03-03,Formaldeído,8698,4179,67,1.8,4.4,95.9,7,0.1,11851.85
2024-03-03,Benzeno,8679,3127,68,2.5,3.1,98.5,8,0.5,9462.3
2024-03-03,Tolueno,9415,5133,82,3.0,5.0,99.4,10,1.2,21091.65
2024-03-04,Ácido Sulfúrico,2449,6810,82,3.1,5.4,97.6,12,0.5,17172.28
2024-03-04,Soda Cáustica,3056,3048,78,2.1,5.3,98.5,7,0.3,12018.82
2024-03-04,Ácido Nítrico,7414,6527,71,2.2,6.1,98.8,11,0.1,22413.31
2024-03-04,Amoníaco,3705,4690,69,2.8,5.8,98.0,11,1.0,19473.83
2024-03-04,Cloro,8297,3834,97,1.4,2.9,97.5,9,0.5,14762.06
2024-03-04,Etanol,8478,2135,78,2.8,3.4,96.9,10,1.1,5141.27
2024-03-04,Metanol,6769,4047,66,3.0,3.6,100.3,11,0.0,11558.52
2024-03-04,Formaldeído,6769,6107,77,2.3,5.9,94.7,13,0.7,14055.86
2024-03-04,Benzeno,1171,5706,77,2.0,6.1,99.1,7,0.5,19964.41
2024-03-04,Tolueno,5257,3413,68,3.1,4.0,95.6,9,0.6,13801.97
2024-03-05,Ácido Sulfúrico,6302,6494,65,2.3,4.2,95.5,10,1.1,21945.66
2024-03-05,Soda Cáustica,9502,5784,88,2.1,5.0,100.0,9,0.0,23032.52
2024-03-05,Ácido Nítrico,9611,4131,75,1.8,3.2,96.2,11,0.0,13634.24
2024-03-05,Amoníaco,1703,2911,71,2.3,3.0,98.5,7,0.3,7527.59
2024-03-05,Cloro,9810,3744,61,2.8,3.9,99.9,7,0.0,11713.9
2024-03-05,Etanol,3937,4766,68,2.4,4.2,97.3,9,0.3,19270.53
2024-03-05,Metanol,7157,4521,58,2.8,4.5,97.2,10,0.1,12073.29
2024-03-05,Formaldeído,2834,4975,53,2.4,6.0,96.2,7,0.3,13788.67
2024-03-05,Benzeno,3681,3180,52,2.4,6.1,98.4,10,1.1,7368.88
2024-03-05,Tolueno,4017,4897,78,1.6,6.8,97.9,8,0.7,14932.55
2024-03-06,Ácido Sulfúrico,7026,2638,75,2.5,6.4,97.9,9,0.0,6810.25
2024-03-06,Soda Cáustica,9453,2706,69,2.3,5.2,96.1,7,0.3,5969.58
2024-03-06,Ácido Nítrico,9067,6083,64,1.4,3.1,98.3,5,0.2,18369.78
2024-03-06,Amoníaco,8530,4321,70,3.0,5.3,98.9,8,0.6,11661.59
2024-03-06,Cloro,5731,4775,47,2.2,5.4,96.2,7,0.7,13395.44
2024-03-06,Etanol,4071,5237,71,2.2,5.4,97.1,11,0.0,18023.25
2024-03-06,Metanol,3784,3303,60,1.7,8.0,96.1,8,0.2,12383.13
2024-03-06,Formaldeído,5424,3554,62,2.1,5.1,96.0,12,0.3,11488.45
2024-03-06,Benzeno,2020,4300,69,2.1,4.1,94.8,9,0.1,11476.27
2024-03-06,Tolueno,1876,2940,82,2.9,6.3,96.0,10,0.2,11196.92
2024-03-07,Ácido Sulfúrico,8175,5606,81,3.0,3.4,98.9,8,0.4,11775.82
2024-03-07,Soda Cáustica,6219,3688,57,2.2,4.4,94.7,6,0.5,12829.68
2024-03-07,Ácido Nítrico,8701,2257,63,2.5,5.9,96.9,11,0.2,8669.23
2024-03-07,Amoníaco,7354,4507,54,2.2,5.3,97.2,10,0.3,15065.5
2024-03-07,Cloro,1842,4092,65,2.0,6.4,95.2,9,0.1,10569.17
2024-03-07,Etanol,2732,4741,75,1.9,4.2,95.7,6,1.0,11311.57
2024-03-07,Metanol,4572,5609,48,1.4,4.3,99.3,9,0.3,17899.91
2024-03-07,Formaldeído,3207,3797,66,2.3,6.7,97.6,5,0.0,10906.71
2024-03-07,Benzeno,7187,2179,55,2.0,6.1,98.9,9,0.7,8063.8
2024-03-07,Tolueno,6932,3535,92,1.8,4.6,98.7,5,0.3,13394.31
2024-03-08,Ácido Sulfúrico,4317,2304,79,2.4,5.5,99.4,12,1.0,7348.19
2024-03-08,Soda Cáustica,1973,4223,83,1.6,6.5,96.0,9,0.1,15521.47
2024-03-08,Ácido Nítrico,6588,4690,65,2.0,6.2,95.8,6,0.3,15458.41
2024-03-08,Amoníaco,8937,2596,62,2.7,5.6,99.1,6,0.4,10786.18
2024-03-08,Cloro,8648,5802,79,2.2,6.6,99.6,9,0.1,18744.88
2024-03-08,Etanol,2020,4449,52,2.0,4.0,97.1,10,0.4,11624.44
2024-03-08,Metanol,6506,4024,66,1.5,3.4,95.9,9,2.4,18723.11
2024-03-08,Formaldeído,3149,4180,75,2.4,5.8,95.7,6,0.1,12998.29
2024-03-08,Benzeno,6496,4814,67,2.2,5.1,95.7,10,0.4,15215.18
2024-03-08,Tolueno,9844,4325,77,1.6,5.8,97.3,12,0.1,12579.17
2024-03-09,Ácido Sulfúrico,5429,5550,85,3.1,5.3,97.4,12,1.4,23000.69
2024-03-09,Soda Cáustica,9341,3727,62,3.0,3.2,96.9,6,0.7,14648.74
2024-03-09,Ácido Nítrico,9755,3330,44,2.9,6.1,96.8,9,0.1,10594.03
2024-03-09,Amoníaco,6515,6363,76,2.7,4.0,97.3,11,0.2,14991.16
2024-03-09,Cloro,3783,3520,67,2.8,7.0,96.5,8,0.2,8280.61
2024-03-09,Etanol,8702,6067,84,2.9,2.9,96.8,11,1.0,18920.66
2024-03-09,Metanol,9661,4900,80,2.4,5.5,100.1,8,0.1,11596.29
2024-03-09,Formaldeído,5572,3934,56,1.6,6.6,95.7,6,0.2,15458.04
2024-03-09,Benzeno,7966,2762,53,2.1,5.4,96.6,7,0.2,9900.62
2024-03-09,Tolueno,8756,1841,84,2.1,3.0,97.9,10,0.6,4629.88
2024-03-10,Ácido Sulfúrico,7762,3132,55,2.9,6.3,95.3,11,0.5,10166.66
2024-03-10,Soda Cáustica,9570,2075,60,2.2,5.2,98.9,13,0.5,6792.27
2024-03-10,Ácido Nítrico,8508,4777,95,2.8,6.5,97.3,12,0.2,15525.34
2024-03-10,Amoníaco,3041,4914,96,1.4,3.2,99.3,8,0.1,14677.23
2024-03-10,Cloro,2230,5049,75,2.1,7.4,95.9,8,0.6,20237.66
2024-03-10,Etanol,5205,3793,94,2.6,6.4,98.3,7,0.8,10989.52
2024-03-10,Metanol,5244,3698,71,2.3,5.2,98.4,7,0.4,14933.12
2024-03-10,Formaldeído,9764,3894,91,3.0,6.9,96.5,9,0.5,8799.01
2024-03-10,Benzeno,7618,5410,87,3.3,5.7,95.5,8,0.4,18166.05
2024-03-10,Tolueno,8414,3098,93,2.4,4.3,97.3,8,0.1,7122.6
2024-03-11,Ácido Sulfúrico,3393,4828,52,2.6,5.4,98.1,10,0.3,10766.06
2024-03-11,Soda Cáustica,2098,3906,67,2.2,4.8,99.1,12,0.0,12750.77
2024-03-11,Ácido Nítrico,2075,2312,85,3.2,3.5,98.3,11,0.4,8308.12
2024-03-11,Amoníaco,6068,3805,91,2.1,6.0,97.6,8,0.4,8807.96
2024-03-11,Cloro,4077,4102,75,2.6,5.3,95.1,7,0.1,11416.28
2024-03-11,Etanol,6449,2867,89,2.0,4.0,99.6,9,0.1,8812.21
2024-03-11,Metanol,6177,4071,63,2.5,4.3,96.6,7,0.3,14208.45
2024-03-11,Formaldeído,2699,2494,90,1.9,5.4,97.2,14,0.0,5335.23
2024-03-11,Benzeno,8961,3424,77,1.7,7.1,99.2,12,0.7,14636.28
2024-03-11,Tolueno,3656,3870,55,2.3,3.7,98.0,8,0.8,9305.74
2024-03-12,Ácido Sulfúrico,4359,6596,61,1.7,5.6,97.2,10,0.9,23509.76
2024-03-12,Soda Cáustica,8518,2089,54,2.1,4.1,95.5,10,0.1,5470.59
2024-03-12,Ácido Nítrico,1521,4659,81,1.7,6.4,99.1,7,1.5,18506.47
2024-03-12,Amoníaco,3131,3123,55,2.5,5.5,95.4,11,0.2,7977.37
2024-03-12,Cloro,5734,5095,53,2.6,5.8,96.1,8,0.3,20646.88
2024-03-12,Etanol,7650,5058,57,2.6,4.6,96.6,12,1.9,22091.09
2024-03-12,Metanol,2999,2656,52,2.7,3.6,99.2,4,0.4,7336.45
2024-03-12,Formaldeído,3453,4448,91,2.2,5.5,96.0,9,0.4,17975.49
2024-03-12,Benzeno,5260,3223,61,2.6,3.6,96.6,8,0.8,13406.35
2024-03-12,Tolueno,8026,4988,46,2.1,5.6,95.9,7,0.1,13028.01
2024-03-13,Ácido Sulfúrico,5931,2877,60,2.9,3.3,97.1,8,1.6,8127.17
2024-03-13,Soda Cáustica,4293,4233,90,1.9,5.8,95.4,12,1.7,15137.97
2024-03-13,Ácido Nítrico,1579,2891,79,2.6,5.4,95.5,7,0.0,8634.15
2024-03-13,Amoníaco,4384,2258,88,2.2,3.7,98.5,6,0.1,8959.07
2024-03-13,Cloro,3463,3620,85,1.9,4.4,95.3,12,0.2,13101.72
2024-03-13,Etanol,2184,3994,52,2.3,4.5,98.9,9,0.1,10809.21
2024-03-13,Metanol,6688,4959,74,2.2,4.0,98.6,12,0.2,14355.6
2024-03-13,Formaldeído,7810,5435,59,2.0,6.7,97.9,10,0.8,17110.47
2024-03-13,Benzeno,9203,4577,57,3.2,4.1,99.3,9,0.5,16216.7
2024-03-13,Tolueno,3532,4372,52,2.9,5.5,99.7,11,0.0,9685.18
2024-03-14,Ácido Sulfúrico,6932,3627,99,1.6,5.6,94.7,7,1.0,8332.2
2024-03-14,Soda Cáustica,7385,4136,53,1.8,2.9,99.0,9,0.0,8452.41
2024-03-14,Ácido Nítrico,7021,3713,76,2.3,4.5,95.0,7,0.1,13031.75
2024-03-14,Amoníaco,5801,3064,63,1.6,4.8,97.5,6,0.1,10587.46
2024-03-14,Cloro,3437,2269,81,2.8,3.5,99.6,6,0.3,7178.09
2024-03-14,Etanol,2274,3883,63,1.8,3.7,96.1,9,0.1,14763.97
2024-03-14,Metanol,1739,4171,84,1.9,3.8,96.5,7,0.5,12647.9
2024-03-14,Formaldeído,7307,2292,87,2.8,7.1,95.3,8,0.0,6725.37
2024-03-14,Benzeno,3650,4202,84,2.3,4.3,95.7,10,0.4,12971.95
2024-03-14,Tolueno,9766,3779,73,1.9,3.4,97.5,11,1.6,13404.34
2024-03-15,Ácido Sulfúrico,9421,3298,78,2.4,4.5,100.2,6,0.4,13048.56
2024-03-15,Soda Cáustica,9005,3035,59,2.9,2.8,99.4,10,0.5,10538.12
2024-03-15,Ácido Nítrico,6031,2864,82,1.4,6.3,100.3,12,0.5,9571.07
2024-03-15,Amoníaco,1657,2929,64,1.3,3.4,96.7,10,0.1,8074.89
2024-03-15,Cloro,9248,3184,68,2.1,3.9,99.0,4,0.4,11345.8
2024-03-15,Etanol,2024,4155,83,1.7,5.6,97.7,5,1.4,18900.3
2024-03-15,Metanol,3972,1969,85,1.8,4.6,98.5,9,2.1,9226.85
2024-03-15,Formaldeído,5210,2417,85,1.8,4.3,97.2,6,0.3,5422.03
2024-03-15,Benzeno,5266,2017,73,2.3,3.9,99.9,10,0.6,7331.44
2024-03-15,Tolueno,9585,5339,68,1.5,4.2,96.1,9,0.3,18337.88
2024-03-16,Ácido Sulfúrico,9114,4002,83,1.6,3.6,96.4,7,0.3,16143.69
2024-03-16,Soda Cáustica,8699,2383,91,2.5,6.2,98.4,13,0.0,6637.04
2024-03-16,Ácido Nítrico,1459,2329,73,2.8,3.1,97.6,7,0.1,5080.4
2024-03-16,Amoníaco,9893,3998,70,1.6,4.4,97.8,7,0.0,12084.07
2024-03-16,Cloro,9943,5441,82,2.2,4.6,99.0,12,2.7,20591.14
2024-03-16,Etanol,8738,6258,58,3.2,5.0,95.7,9,0.3,16551.73
2024-03-16,Metanol,9190,5812,56,2.3,4.7,99.0,7,0.1,14379.48
2024-03-16,Formaldeído,5496,3976,54,2.7,4.7,98.4,7,0.6,11176.06
2024-03-16,Benzeno,5637,5024,86,2.5,4.2,98.0,7,0.2,18541.71
2024-03-16,Tolueno,1994,3103,55,3.3,3.5,97.2,6,0.0,12301.36
2024-03-17,Ácido Sulfúrico,6563,2841,76,1.5,4.0,98.2,12,0.7,8940.96
2024-03-17,Soda Cáustica,8306,3559,80,2.3,4.2,95.2,7,0.6,14089.44
2024-03-17,Ácido Nítrico,1277,5472,55,2.5,6.9,98.2,10,0.2,21369.85
2024-03-17,Amoníaco,9681,4884,65,2.6,4.5,96.1,11,0.6,15667.53
2024-03-17,Cloro,3936,5877,77,1.5,7.1,97.4,6,1.4,18773.84
2024-03-17,Etanol,6389,4493,59,2.0,5.7,98.9,11,0.2,14787.65
2024-03-17,Metanol,4594,2729,92,2.5,4.0,100.3,7,0.0,10416.34
2024-03-17,Formaldeído,4455,2772,59,1.9,5.0,95.9,9,1.3,8753.85
2024-03-17,Benzeno,4781,5288,50,1.5,3.7,96.6,6,0.3,16508.46
2024-03-17,Tolueno,4913,4725,61,3.1,4.0,97.9,13,0.1,18989.61
2024-03-18,Ácido Sulfúrico,8890,6294,77,1.5,3.8,99.6,9,0.3,22524.42
2024-03-18,Soda Cáustica,1540,6477,79,1.9,6.0,96.6,8,0.8,21834.49
2024-03-18,Ácido Nítrico,6010,4128,58,1.6,4.6,99.0,8,0.4,13363.14
2024-03-18,Amoníaco,6681,3647,68,2.9,3.4,97.7,10,0.0,13321.69
2024-03-18,Cloro,9149,2409,51,2.0,6.5,96.3,10,0.3,6458.04
2024-03-18,Etanol,3943,5137,80,1.9,7.3,96.0,9,0.0,14162.37
2024-03-18,Metanol,1668,2687,82,1.7,6.5,98.8,10,1.3,9284.29
2024-03-18,Formaldeído,6194,2727,54,2.8,4.8,99.0,8,0.8,6883.02
2024-03-18,Benzeno,1899,3488,53,1.5,3.5,96.0,7,0.6,14610.32
2024-03-18,Tolueno,2795,2332,47,2.1,6.1,96.7,12,0.6,8183.06
2024-03-19,Ácido Sulfúrico,9650,4960,48,2.8,4.1,96.8,11,0.4,19019.27
2024-03-19,Soda Cáustica,1449,3771,78,2.5,4.4,97.7,6,0.1,7926.91
2024-03-19,Ácido Nítrico,6585,2321,84,1.8,3.9,98.9,9,0.1,8990.51
2024-03-19,Amoníaco,7760,5759,45,2.1,5.1,99.4,10,0.3,14410.53
2024-03-19,Cloro,8548,5303,60,2.0,4.1,98.4,7,0.5,20680.7
2024-03-19,Etanol,2260,2885,55,3.1,5.7,97.5,6,0.9,12253.74
2024-03-19,Metanol,8304,2312,60,3.0,4.4,98.0,12,1.5,8216.35
2024-03-19,Formaldeído,7816,3354,80,2.5,6.4,98.1,11,0.2,11321.33
2024-03-19,Benzeno,6960,2494,52,2.0,3.6,96.9,10,0.6,9378.6
2024-03-19,Tolueno,5421,4291,58,1.3,3.5,98.1,7,0.3,16748.1
2024-03-20,Ácido Sulfúrico,9248,4426,76,2.4,3.9,95.5,10,1.6,17388.57
2024-03-20,Soda Cáustica,6368,3767,74,1.5,2.9,95.8,7,0.6,14854.07
2024-03-20,Ácido Nítrico,7230,2203,88,1.5,5.6,97.7,9,0.6,9200.03
2024-03-20,Amoníaco,7830,3080,79,2.0,6.4,97.0,7,0.1,11925.83
2024-03-20,Cloro,8205,2391,62,2.9,5.8,99.0,12,0.0,6586.7
2024-03-20,Etanol,8544,2139,85,2.4,7.1,99.0,7,0.2,5653.36
2024-03-20,Metanol,8088,2117,63,2.0,2.7,96.4,8,0.3,7191.65
2024-03-20,Formaldeído,3828,2079,58,2.0,3.4,97.5,9,0.2,8232.68
2024-03-20,Benzeno,7108,2369,80,3.0,5.0,96.7,9,0.3,7349.48
2024-03-20,Tolueno,7848,3685,75,2.9,5.8,95.1,7,0.0,12805.87
